545a862c1d24567b0f32b13bdbbd70f38f24a662,MOVE,{Function _classCallCheck at dist/js/adminlte.js:93},{Function _classCallCheck at build/js/dist/Layout.js:5})
545a862c1d24567b0f32b13bdbbd70f38f24a662,MOVE,{Function defineProperties at dist/js/adminlte.js:91},{Function defineProperties at build/js/dist/Layout.js:3})
545a862c1d24567b0f32b13bdbbd70f38f24a662,INTERNAL_MOVE,{Function transitionComplete at bower_components/bootstrap/dist/js/bootstrap.js:1872},{Function transitionComplete at bower_components/bootstrap/dist/js/bootstrap.js:1889})
545a862c1d24567b0f32b13bdbbd70f38f24a662,INLINE,{Function complete at bower_components/bootstrap/dist/js/bootstrap.js:1155},{Function value at bower_components/bootstrap/dist/js/bootstrap.js:1116})
545a862c1d24567b0f32b13bdbbd70f38f24a662,INTERNAL_MOVE,{Function callbackRemove at bower_components/bootstrap/dist/js/bootstrap.js:1995},{Function callbackRemove at bower_components/bootstrap/dist/js/bootstrap.js:2012})
545a862c1d24567b0f32b13bdbbd70f38f24a662,INTERNAL_MOVE,{Function complete at bower_components/bootstrap/dist/js/bootstrap.js:2594},{Function complete at bower_components/bootstrap/dist/js/bootstrap.js:2617})
545a862c1d24567b0f32b13bdbbd70f38f24a662,INLINE,{Function complete at bower_components/bootstrap/dist/js/bootstrap.js:2982},{Function value at bower_components/bootstrap/dist/js/bootstrap.js:2969})
545a862c1d24567b0f32b13bdbbd70f38f24a662,RENAME,{Function Constructor at build/js/src/Widget.js:13},{Function constructor at build/js/src/Widget.js:13})
545a862c1d24567b0f32b13bdbbd70f38f24a662,MOVE,{Function value at build/js/dist/PushMenu.js:93},{Function value at dist/js/adminlte.js:410})
545a862c1d24567b0f32b13bdbbd70f38f24a662,RENAME,{Function Constructor at build/js/src/PushMenu.js:38},{Function constructor at build/js/src/PushMenu.js:38})
545a862c1d24567b0f32b13bdbbd70f38f24a662,EXTRACT_MOVE,{Function value at bower_components/bootstrap/dist/js/bootstrap.js:3003},{Function complete at bower_components/bootstrap/dist/js/bootstrap.js:3045})